Row,1er Nulo $dB$,2do Nulo $dB$,Maximo $dB$
BA,-6.37475219033736,-6.41977793215991,0
