Row,1er Nulo $dB$,2do Nulo $dB$,Maximo $dB$
CKLF,-15.2983412810286,-23.3680739933919,-2.10224643998626e-06
