Row,1er Nulo $dB$,2do Nulo $dB$,Maximo $dB$
NMS,-6.22892596159579,-4.97256557518469,-0.0655234127238473
