Row,1er Nulo $dB$,2do Nulo $dB$,Maximo $dB$
PSO,-11.7281352128506,-11.8535108139141,0
