Row,1er Nulo $dB$,2do Nulo $dB$,Maximo $dB$
SGD,-11.1683829830977,-6.95710173736747,-0.741720578167832
